Timestamp(s),Radar_State,Mic_Trigger,Fused_System_State
0.02,1,0,1
0.23,1,0,1
0.42,1,0,1
0.62,1,0,1
0.83,1,0,1
1.02,1,0,1
1.23,1,0,1
1.43,1,0,1
1.63,1,0,1
1.83,1,0,1
2.03,1,0,1
2.22,1,0,1
2.42,1,0,1
2.62,1,0,1
2.82,1,0,1
3.03,1,0,1
3.23,1,0,1
3.43,1,0,1
3.63,1,0,1
3.82,1,0,1
4.03,1,0,1
4.23,1,0,1
4.43,1,0,1
4.63,1,0,1
4.82,1,0,1
5.02,1,0,1
5.22,1,0,1
5.42,1,0,1
5.63,1,0,1
5.83,1,0,1
6.03,1,0,1
6.23,1,1,1
6.43,1,1,1
6.63,1,1,1
6.83,1,1,1
7.03,1,0,1
7.23,1,1,1
7.43,1,1,1
7.63,1,0,1
7.82,1,0,1
8.03,1,0,1
8.22,1,0,1
8.42,1,0,1
8.62,1,0,1
8.83,1,0,1
9.03,1,0,1
9.23,1,0,1
9.43,1,0,1
9.63,1,0,1
9.82,1,0,1
10.02,1,0,1
10.22,1,0,1
10.42,1,1,1
10.62,1,0,1
10.82,1,1,1
11.02,1,1,1
11.23,1,1,1
11.42,1,1,1
11.62,1,1,1
11.82,1,0,1
12.02,1,0,1
12.22,1,1,1
12.42,1,1,1
12.63,1,0,1
12.83,1,0,1
13.03,1,0,1
13.23,1,0,1
13.43,1,0,1
13.63,1,0,1
13.83,1,0,1
14.03,1,0,1
14.22,1,0,1
14.42,1,0,1
14.62,1,0,1
14.82,1,1,1
15.02,1,0,1
15.22,1,0,1
15.42,1,0,1
15.63,1,0,1
15.83,1,0,1
16.02,1,0,1
16.22,1,0,1
16.42,1,0,1
16.62,1,0,1
16.82,1,0,1
17.02,1,0,1
17.22,1,0,1
17.42,1,0,1
17.62,1,0,1
17.84,1,0,1
18.02,1,0,1
18.22,1,0,1
18.42,1,0,1
18.62,1,0,1
18.83,1,0,1
19.03,1,0,1
19.23,1,0,1
19.43,1,0,1
19.63,1,0,1
19.82,1,1,1
20.03,1,0,1
20.23,1,0,1
20.43,1,0,1
20.63,1,0,1
20.83,1,0,1
21.03,1,0,1
21.23,1,0,1
21.43,1,0,1
21.63,1,0,1
21.83,1,0,1
22.03,1,0,1
22.22,1,0,1
22.42,1,0,1
22.62,1,0,1
22.82,1,0,1
23.03,1,0,1
23.22,1,0,1
23.42,1,0,1
23.62,1,0,1
23.82,1,1,1
24.02,1,0,1
24.22,1,0,1
24.42,1,0,1
24.62,1,0,1
24.82,1,0,1
25.02,1,0,1
25.23,1,0,1
25.42,1,0,1
25.63,1,0,1
25.82,1,0,1
26.03,1,0,1
26.23,1,0,1
26.43,1,1,1
26.63,1,0,1
26.83,1,0,1
27.02,1,0,1
27.22,1,0,1
27.42,1,0,1
27.62,1,0,1
27.83,1,0,1
28.03,1,0,1
28.23,1,0,1
28.43,1,0,1
28.63,1,0,1
28.83,1,0,1
29.03,1,0,1
29.23,1,0,1
29.42,1,0,1
29.62,1,0,1
29.82,1,0,1
30.02,1,0,1
30.22,1,0,1
30.42,1,0,1
30.62,1,0,1
30.82,1,0,1
31.03,1,0,1
31.23,1,0,1
31.43,1,0,1
31.63,1,0,1
31.83,1,0,1
32.03,1,0,1
32.22,1,0,1
32.42,1,0,1
32.63,1,0,1
32.83,1,0,1
33.03,1,0,1
33.23,1,0,1
33.43,1,0,1
33.63,1,0,1
33.83,1,0,1
34.02,1,1,1
34.22,1,0,1
34.42,1,1,1
34.62,1,0,1
34.82,1,0,1
35.02,1,0,1
35.22,1,0,1
35.42,1,0,1
35.63,1,0,1
35.83,1,1,1
36.02,1,0,1
36.22,1,1,1
36.42,1,0,1
36.63,1,0,1
36.83,1,0,1
37.02,1,0,1
37.22,1,0,1
37.42,1,0,1
37.63,1,0,1
37.83,1,0,1
38.02,1,0,1
38.22,1,0,1
38.42,1,0,1
38.62,1,0,1
38.82,1,0,1
39.02,1,0,1
39.22,1,0,1
39.42,1,0,1
39.62,1,1,1
39.82,1,0,1
40.02,1,0,1
40.23,1,0,1
40.43,1,0,1
40.63,1,0,1
40.83,1,0,1
41.03,1,0,1
41.22,1,0,1
41.42,1,0,1
41.62,1,0,1
41.82,1,1,1
42.02,1,1,1
42.22,1,0,1
42.42,1,1,1
42.62,1,0,1
42.82,1,0,1
43.02,1,0,1
43.23,1,0,1
43.42,1,0,1
43.62,1,0,1
43.82,1,0,1
44.02,1,0,1
44.22,1,1,1
44.42,1,0,1
44.62,1,0,1
44.82,1,0,1
45.02,1,0,1
45.22,1,0,1
45.42,1,0,1
45.62,1,0,1
45.82,1,0,1
46.03,1,0,1
46.22,1,0,1
46.42,1,0,1
46.62,1,0,1
46.82,1,0,1
47.02,1,0,1
47.22,1,0,1
47.42,1,0,1
47.62,1,0,1
47.82,1,0,1
48.02,1,0,1
48.23,1,0,1
48.43,1,0,1
48.62,1,0,1
48.82,1,0,1
49.02,1,0,1
49.22,1,1,1
49.42,1,0,1
49.62,1,1,1
49.82,1,0,1
50.02,1,0,1
50.22,1,0,1
50.43,1,0,1
50.62,1,0,1
50.82,1,0,1
51.02,1,0,1
51.23,1,0,1
51.43,1,0,1
51.62,1,0,1
51.82,1,0,1
52.03,1,0,1
52.22,1,0,1
52.42,1,0,1
52.62,1,0,1
52.82,1,0,1
53.02,1,0,1
53.22,1,0,1
53.43,1,0,1
53.62,1,0,1
53.82,1,0,1
54.02,1,0,1
54.22,1,0,1
54.42,1,0,1
54.62,1,0,1
54.82,1,0,1
55.02,1,0,1
55.22,1,1,1
55.42,1,0,1
55.62,1,0,1
55.82,1,0,1
56.02,1,0,1
56.22,1,0,1
56.42,1,0,1
56.62,1,0,1
56.82,1,0,1
57.03,1,0,1
57.22,1,0,1
57.43,1,0,1
57.63,1,0,1
57.82,1,0,1
58.02,1,0,1
58.22,1,0,1
58.42,1,1,1
58.62,1,0,1
58.82,1,0,1
59.02,1,0,1
59.22,1,0,1
59.42,1,0,1
59.62,1,0,1
59.82,1,0,1
60.02,1,0,1
60.22,1,0,1
60.42,1,0,1
60.62,1,0,1
60.82,1,0,1
61.02,1,0,1
61.22,1,0,1
61.42,1,0,1
61.62,1,0,1
61.82,1,0,1
62.02,1,0,1
62.22,1,0,1
62.42,1,0,1
62.63,1,0,1
62.83,1,0,1
63.03,1,0,1
63.22,1,0,1
63.42,1,0,1
63.63,1,0,1
63.83,1,0,1
64.03,1,0,1
64.23,1,0,1
64.42,1,0,1
64.63,1,0,1
64.82,1,0,1
65.02,1,0,1
65.22,1,0,1
65.42,1,0,1
65.62,1,1,1
65.82,1,0,1
66.02,1,0,1
66.22,1,0,1
66.42,1,0,1
66.63,1,0,1
66.83,1,0,1
67.03,1,1,1
67.22,1,1,1
67.42,1,1,1
67.62,1,1,1
67.83,1,0,1
68.03,1,0,1
68.23,1,0,1
68.42,1,1,1
68.62,1,0,1
68.82,1,0,1
69.03,1,0,1
69.22,1,0,1
69.42,1,0,1
69.62,1,0,1
69.82,1,0,1
70.03,1,1,1
70.22,1,0,1
70.42,1,1,1
70.62,1,0,1
70.82,1,0,1
71.02,1,0,1
71.23,1,0,1
71.42,1,0,1
71.62,1,1,1
71.82,1,0,1
72.02,1,0,1
72.22,1,1,1
72.42,1,0,1
72.62,1,0,1
72.82,1,0,1
73.02,1,1,1
73.22,1,0,1
73.42,1,1,1
73.63,1,0,1
73.82,1,0,1
74.02,1,0,1
74.23,1,1,1
74.43,1,0,1
74.62,1,1,1
74.82,1,1,1
75.02,1,1,1
75.22,1,1,1
75.42,1,0,1
75.62,1,1,1
75.82,1,0,1
76.03,1,0,1
76.23,1,0,1
76.42,1,0,1
76.62,1,0,1
76.82,1,0,1
77.02,1,0,1
77.22,1,0,1
77.42,1,0,1
77.62,1,1,1
77.82,1,0,1
78.02,1,0,1
78.23,1,0,1
78.43,1,0,1
78.62,1,0,1
78.82,1,0,1
79.02,1,0,1
79.22,1,0,1
79.42,1,0,1
79.62,1,0,1
79.82,1,0,1
80.02,1,0,1
80.22,1,0,1
80.42,1,0,1
80.62,1,0,1
80.82,1,1,1
81.02,1,1,1
81.22,1,1,1
81.42,1,1,1
81.62,1,0,1
81.82,1,1,1
82.02,1,1,1
82.22,1,0,1
82.42,1,1,1
82.63,1,1,1
82.83,1,0,1
83.02,1,0,1
83.22,1,0,1
83.42,1,1,1
83.62,1,1,1
83.82,1,1,1
84.02,1,1,1
84.22,1,1,1
84.42,1,0,1
84.62,1,1,1
84.82,1,0,1
85.02,1,0,1
85.22,1,0,1
85.42,1,1,1
85.62,1,0,1
85.82,1,1,1
86.02,1,0,1
86.22,1,0,1
86.42,1,0,1
86.62,1,0,1
86.82,1,1,1
87.03,1,0,1
87.22,1,1,1
87.43,1,0,1
87.62,1,0,1
87.82,1,0,1
88.02,1,0,1
88.22,1,0,1
88.42,1,0,1
88.62,1,0,1
88.82,1,0,1
89.03,1,0,1
89.22,1,0,1
89.42,1,0,1
89.62,1,0,1
89.82,1,0,1
90.02,1,0,1
90.22,1,0,1
90.42,1,0,1
90.62,1,0,1
90.82,1,0,1
91.02,1,0,1
91.22,1,0,1
91.43,1,0,1
91.62,1,1,1
91.82,1,1,1
92.02,1,1,1
92.22,1,1,1
92.42,1,1,1
92.63,1,1,1
92.83,1,1,1
93.02,1,0,1
93.22,1,0,1
93.42,1,0,1
93.62,1,0,1
93.82,1,0,1
94.02,1,0,1
94.23,1,0,1
94.43,1,0,1
94.63,1,0,1
94.83,1,0,1
95.03,1,0,1
95.22,1,0,1
95.42,1,0,1
95.62,1,1,1
95.82,1,0,1
96.02,1,0,1
96.22,1,0,1
96.43,1,1,1
96.62,1,1,1
96.82,1,1,1
97.02,1,1,1
97.22,1,1,1
97.42,1,0,1
97.62,1,0,1
97.82,1,1,1
98.02,1,0,1
98.22,1,1,1
98.42,1,0,1
98.62,1,1,1
98.83,1,1,1
99.02,1,0,1
99.22,1,1,1
99.42,1,0,1
99.62,1,1,1
99.82,1,0,1
100.02,1,0,1
100.22,1,0,1
100.42,1,0,1
100.63,1,0,1
100.83,1,0,1
101.03,1,0,1
101.22,1,0,1
101.42,1,0,1
101.62,1,0,1
101.82,1,0,1
102.02,1,0,1
102.22,1,0,1
102.42,1,0,1
102.62,1,1,1
102.82,1,0,1
103.02,1,0,1
103.22,1,1,1
103.42,1,0,1
103.62,1,0,1
103.82,1,0,1
104.02,1,0,1
104.22,1,0,1
104.42,1,0,1
104.62,1,0,1
104.82,1,0,1
105.02,1,0,1
105.23,1,0,1
105.42,1,0,1
105.62,1,0,1
105.83,1,0,1
106.02,1,0,1
106.23,1,0,1
106.42,1,0,1
106.62,1,0,1
106.82,1,0,1
107.03,1,0,1
107.23,1,0,1
107.42,1,0,1
107.62,1,0,1
107.82,1,1,1
108.02,1,1,1
108.22,1,0,1
108.43,1,0,1
108.62,1,0,1
108.82,1,0,1
109.02,1,0,1
109.22,1,0,1
109.43,1,0,1
109.62,1,0,1
109.82,1,1,1
110.02,1,0,1
110.22,1,0,1
110.43,1,0,1
110.62,1,0,1
110.82,1,0,1
111.02,1,0,1
111.22,1,0,1
111.42,1,0,1
111.62,1,0,1
111.82,1,0,1
112.02,1,0,1
112.22,1,0,1
112.42,1,0,1
112.62,1,0,1
112.82,1,0,1
113.02,1,0,1
113.22,1,0,1
113.42,1,0,1
113.62,1,0,1
113.82,1,0,1
114.02,1,0,1
114.22,1,0,1
114.42,1,0,1
114.62,1,0,1
114.82,1,0,1
115.02,1,0,1
115.23,1,0,1
115.43,1,0,1
115.62,1,0,1
115.82,1,0,1
116.02,1,0,1
116.22,1,0,1
116.42,1,1,1
116.62,1,0,1
116.82,1,0,1
117.02,1,0,1
117.22,1,0,1
117.42,1,0,1
117.62,1,0,1
117.82,1,0,1
118.02,1,0,1
118.22,1,0,1
118.42,1,0,1
118.63,1,0,1
118.82,1,0,1
119.02,1,0,1
119.22,1,0,1
119.42,1,1,1
119.62,1,0,1
119.82,1,0,1
120.02,1,0,1
120.22,1,0,1
120.42,1,0,1
120.62,1,0,1
120.82,1,0,1
121.02,1,0,1
121.22,1,0,1
121.42,1,0,1
121.62,1,0,1
121.82,1,1,1
122.02,1,0,1
122.22,1,0,1
122.42,1,0,1
122.62,1,0,1
122.82,1,0,1
123.02,1,0,1
123.22,1,0,1
123.42,1,0,1
123.62,1,0,1
123.82,1,0,1
124.02,1,0,1
124.22,1,0,1
124.42,1,0,1
124.62,1,0,1
124.82,1,0,1
125.02,1,0,1
125.22,1,0,1
125.42,1,0,1
125.62,1,0,1
125.82,1,0,1
126.02,1,0,1
126.22,1,0,1
126.42,1,0,1
126.62,1,0,1
126.82,1,0,1
127.02,1,0,1
127.22,1,0,1
127.42,1,0,1
127.62,1,0,1
127.83,1,0,1
128.02,1,0,1
128.21,1,0,1
128.42,1,0,1
128.62,1,0,1
128.82,1,0,1
129.02,1,0,1
129.22,1,0,1
129.42,1,0,1
129.62,1,0,1
129.82,1,0,1
130.02,1,0,1
130.22,1,0,1
130.41,1,0,1
130.62,1,0,1
130.81,1,1,1
131.02,1,0,1
131.22,1,0,1
131.42,1,0,1
131.62,1,0,1
131.82,1,0,1
132.02,1,0,1
132.22,1,0,1
132.42,1,0,1
132.62,1,0,1
132.82,1,0,1
133.02,1,1,1
133.22,1,1,1
133.42,1,0,1
133.62,1,0,1
133.82,1,0,1
134.02,1,0,1
134.22,1,0,1
134.42,1,0,1
134.62,1,0,1
134.82,1,0,1
135.02,1,0,1
135.22,1,0,1
135.42,1,0,1
135.62,1,0,1
135.82,1,0,1
136.02,1,0,1
136.22,1,0,1
136.42,1,0,1
136.62,1,0,1
136.82,1,0,1
137.02,1,0,1
137.22,1,0,1
137.42,1,0,1
137.62,1,0,1
137.82,1,0,1
138.02,1,0,1
138.22,1,0,1
138.42,1,0,1
138.62,1,1,1
138.81,1,1,1
139.02,1,0,1
139.21,1,0,1
139.42,1,1,1
139.62,1,0,1
139.82,1,0,1
140.02,1,0,1
140.22,1,0,1
140.42,1,0,1
140.62,1,0,1
140.81,1,0,1
141.02,1,0,1
141.21,1,0,1
141.42,1,0,1
141.62,1,0,1
141.82,1,0,1
142.02,1,0,1
142.22,1,1,1
142.42,1,0,1
142.62,1,1,1
142.82,1,0,1
143.02,1,0,1
143.22,1,0,1
143.42,1,0,1
143.62,1,0,1
143.82,1,0,1
144.02,1,0,1
144.22,1,0,1
144.42,1,0,1
144.61,1,0,1
144.82,1,0,1
145.02,1,0,1
145.22,1,0,1
145.42,1,0,1
145.62,1,0,1
145.82,1,0,1
146.02,1,0,1
146.22,1,0,1
146.42,1,0,1
146.62,1,0,1
146.82,1,0,1
147.02,1,0,1
147.22,1,1,1
147.42,1,0,1
147.62,1,0,1
147.82,1,1,1
148.02,1,1,1
148.22,1,1,1
148.42,1,0,1
148.62,1,0,1
148.82,1,0,1
149.02,1,0,1
149.22,1,0,1
149.42,1,0,1
149.62,1,0,1
149.82,1,0,1
150.02,1,0,1
150.22,1,0,1
150.42,1,0,1
150.62,1,0,1
150.82,1,0,1
151.02,1,0,1
151.22,1,0,1
151.42,1,0,1
151.62,1,0,1
151.81,1,0,1
152.02,1,0,1
152.22,1,0,1
152.42,1,0,1
152.62,1,0,1
152.82,1,0,1
153.03,1,0,1
153.22,1,0,1
153.42,1,0,1
153.62,1,0,1
153.82,1,0,1
154.01,1,0,1
154.21,1,0,1
154.41,1,0,1
154.61,1,0,1
154.82,1,0,1
155.02,1,0,1
155.22,1,0,1
155.41,1,0,1
155.61,1,0,1
155.82,1,0,1
156.02,1,0,1
156.22,1,0,1
156.42,1,0,1
156.62,1,0,1
156.82,1,0,1
157.02,1,0,1
157.22,1,1,1
157.42,1,0,1
157.61,1,1,1
157.82,1,0,1
158.02,1,0,1
158.22,1,0,1
158.42,1,0,1
158.62,1,0,1
158.82,1,0,1
159.01,1,0,1
159.21,1,0,1
159.42,1,0,1
159.62,1,0,1
159.82,1,1,1
160.02,1,0,1
160.22,1,1,1
160.42,1,0,1
160.62,1,0,1
160.82,1,0,1
161.02,1,0,1
161.22,1,0,1
161.42,1,0,1
161.62,1,0,1
161.82,1,0,1
162.01,1,0,1
162.22,1,0,1
162.42,1,0,1
162.62,1,0,1
162.81,1,0,1
163.01,1,0,1
163.22,1,0,1
163.42,1,1,1
163.62,1,0,1
163.82,1,0,1
164.02,1,0,1
164.21,1,0,1
164.42,1,0,1
164.62,1,1,1
164.82,1,0,1
165.02,1,1,1
165.22,1,0,1
165.41,1,0,1
165.62,1,0,1
165.81,1,0,1
166.01,1,0,1
166.21,1,0,1
166.41,1,0,1
166.61,1,0,1
166.81,1,0,1
167.02,1,0,1
167.22,1,0,1
167.42,1,0,1
167.61,1,0,1
167.81,1,0,1
168.02,1,0,1
168.22,1,0,1
168.42,1,0,1
168.62,1,0,1
168.82,1,0,1
169.02,1,0,1
169.22,1,0,1
169.42,1,0,1
169.62,1,0,1
169.82,1,0,1
170.02,1,0,1
170.21,1,0,1
170.41,1,0,1
170.61,1,0,1
170.82,1,0,1
171.01,1,0,1
171.22,1,0,1
171.42,1,0,1
171.62,1,0,1
171.81,1,0,1
172.02,1,0,1
172.22,1,1,1
172.42,1,0,1
172.62,1,1,1
172.81,1,0,1
173.02,1,0,1
173.22,1,1,1
173.42,1,1,1
173.61,1,1,1
173.81,1,0,1
174.02,1,0,1
174.22,1,0,1
174.42,1,0,1
174.62,1,0,1
174.82,1,0,1
175.02,1,1,1
175.22,1,1,1
175.42,1,1,1
175.61,1,1,1
175.82,1,1,1
176.02,1,0,1
176.22,1,1,1
176.41,1,0,1
176.61,1,0,1
176.82,1,0,1
177.02,1,0,1
177.22,1,1,1
177.42,1,0,1
177.62,1,1,1
177.82,1,0,1
178.02,1,0,1
178.21,1,0,1
178.42,1,0,1
178.62,1,0,1
178.82,1,1,1
179.02,1,0,1
179.22,1,0,1
179.42,1,0,1
179.62,1,0,1
179.82,1,0,1
180.02,1,0,1
180.22,1,0,1
180.42,1,0,1
180.62,1,0,1
180.81,1,0,1
181.01,1,0,1
181.21,1,0,1
181.42,1,0,1
181.62,1,0,1
181.82,1,0,1
182.02,1,0,1
182.22,1,0,1
182.42,1,0,1
182.62,1,0,1
182.81,1,0,1
183.01,1,1,1
183.21,1,0,1
183.41,1,0,1
183.61,1,0,1
183.82,1,0,1
184.02,1,0,1
184.22,1,0,1
184.42,1,0,1
184.62,1,0,1
184.82,1,0,1
185.02,1,0,1
185.22,1,0,1
185.42,1,1,1
185.61,1,1,1
185.81,1,1,1
186.02,1,1,1
186.22,1,1,1
186.42,1,0,1
186.62,1,1,1
186.81,1,1,1
187.02,1,1,1
187.22,1,0,1
187.42,1,0,1
187.62,1,0,1
187.82,1,0,1
188.02,1,0,1
188.22,1,0,1
188.42,1,1,1
188.61,1,0,1
188.81,1,0,1
189.02,1,0,1
189.22,1,1,1
189.41,1,1,1
189.61,1,1,1
189.82,1,1,1
190.02,1,1,1
190.21,1,1,1
190.42,1,0,1
190.62,1,0,1
190.82,1,0,1
191.02,1,0,1
191.22,1,0,1
191.42,1,0,1
191.62,1,0,1
191.82,1,0,1
192.02,1,1,1
192.22,1,0,1
192.42,1,1,1
192.62,1,0,1
192.82,1,0,1
193.02,1,0,1
193.22,1,0,1
193.41,1,0,1
193.62,1,0,1
193.81,1,0,1
194.02,1,0,1
194.22,1,0,1
194.42,1,0,1
194.62,1,0,1
194.81,1,0,1
195.01,1,0,1
195.22,1,0,1
195.42,1,0,1
195.62,1,0,1
195.82,1,0,1
196.02,1,1,1
196.22,1,1,1
196.42,1,1,1
196.62,1,1,1
196.81,1,1,1
197.01,1,1,1
197.22,1,1,1
197.42,1,1,1
197.62,1,1,1
197.82,1,0,1
198.02,1,0,1
198.22,1,0,1
198.42,1,0,1
198.62,1,0,1
198.82,1,0,1
199.02,1,0,1
199.22,1,0,1
199.42,1,0,1
199.62,1,0,1
199.82,1,1,1
200.02,1,1,1
200.21,1,1,1
200.42,1,0,1
200.61,1,0,1
200.81,1,0,1
201.01,1,0,1
201.22,1,1,1
201.42,1,1,1
201.62,1,1,1
201.82,1,1,1
202.01,1,1,1
202.21,1,0,1
202.41,1,0,1
202.62,1,1,1
202.82,1,0,1
203.02,1,0,1
203.22,1,1,1
203.42,1,0,1
203.62,1,0,1
203.82,1,0,1
204.02,1,0,1
204.22,1,0,1
204.42,1,0,1
204.62,1,0,1
204.82,1,0,1
205.02,1,0,1
205.22,1,0,1
205.41,1,1,1
205.61,1,0,1
205.81,1,1,1
206.01,1,0,1
206.21,1,0,1
206.42,1,0,1
206.62,1,0,1
206.82,1,0,1
207.02,1,0,1
207.22,1,0,1
207.42,1,0,1
207.62,1,0,1
207.82,1,0,1
208.02,1,0,1
208.22,1,0,1
208.42,1,0,1
208.62,1,0,1
208.82,1,0,1
209.02,1,0,1
209.22,1,0,1
209.42,1,1,1
209.62,1,0,1
209.82,1,1,1
210.02,1,0,1
210.22,1,0,1
210.42,1,0,1
210.62,1,0,1
210.82,1,0,1
211.01,1,1,1
211.21,1,0,1
211.41,1,1,1
211.62,1,0,1
211.82,1,0,1
212.02,1,0,1
212.22,1,0,1
212.41,1,0,1
212.62,1,0,1
212.82,1,0,1
213.02,1,0,1
213.22,1,1,1
213.42,1,0,1
213.62,1,0,1
213.82,1,0,1
214.01,1,0,1
214.21,1,0,1
214.41,1,1,1
214.62,1,0,1
214.81,1,1,1
215.02,1,0,1
215.21,1,0,1
215.41,1,0,1
215.61,1,0,1
215.81,1,0,1
216.02,1,0,1
216.21,1,0,1
216.41,1,0,1
216.61,1,0,1
216.81,1,0,1
217.01,1,0,1
217.21,1,0,1
217.42,1,0,1
217.62,1,0,1
217.81,1,0,1
218.02,1,0,1
218.22,1,0,1
218.41,1,0,1
218.61,1,0,1
218.81,1,0,1
219.01,1,0,1
219.21,1,0,1
219.41,1,0,1
219.61,1,0,1
219.81,1,0,1
220.01,1,0,1
220.21,1,0,1
220.41,1,0,1
220.61,1,0,1
220.81,1,0,1
221.01,1,0,1
221.21,1,0,1
221.41,1,0,1
221.61,1,1,1
221.82,1,0,1
222.02,1,0,1
222.21,1,1,1
222.41,1,0,1
222.62,1,0,1
222.82,1,0,1
223.02,1,0,1
223.22,1,0,1
223.42,1,1,1
223.62,1,0,1
223.82,1,1,1
224.02,1,0,1
224.22,1,0,1
224.42,1,0,1
224.62,1,0,1
224.82,1,0,1
225.01,1,0,1
225.21,1,0,1
225.41,1,0,1
225.61,1,0,1
225.81,1,0,1
226.01,1,0,1
226.21,1,0,1
226.42,1,0,1
226.62,1,0,1
226.82,1,0,1
227.02,1,0,1
227.22,1,0,1
227.42,1,0,1
227.61,1,1,1
227.82,1,0,1
228.02,1,0,1
228.22,1,1,1
228.42,1,0,1
228.62,1,0,1
228.82,1,0,1
229.01,1,0,1
229.21,1,0,1
229.41,1,0,1
229.61,1,0,1
229.82,1,0,1
230.02,1,1,1
230.22,1,0,1
230.42,1,0,1
230.62,1,1,1
230.82,1,0,1
231.02,1,0,1
231.22,1,0,1
231.41,1,1,1
231.61,1,0,1
231.81,1,1,1
232.01,1,0,1
232.21,1,0,1
232.41,1,0,1
232.61,1,0,1
232.82,1,0,1
233.02,1,0,1
233.22,1,0,1
233.41,1,0,1
233.62,1,0,1
233.82,1,0,1
234.02,1,0,1
234.21,1,0,1
234.41,1,0,1
234.61,1,0,1
234.81,1,0,1
235.02,1,0,1
235.22,1,0,1
235.42,1,0,1
235.62,1,0,1
235.82,1,0,1
236.02,1,0,1
236.21,1,0,1
236.41,1,0,1
236.61,1,0,1
236.82,1,0,1
237.02,1,0,1
237.22,1,0,1
237.42,1,0,1
237.62,1,1,1
237.82,1,0,1
238.01,1,0,1
238.21,1,0,1
238.41,1,0,1
238.61,1,0,1
238.81,1,0,1
239.02,1,0,1
239.22,1,0,1
239.42,1,0,1
239.62,1,0,1
239.82,1,0,1
240.02,1,0,1
240.21,1,0,1
240.41,1,0,1
240.61,1,0,1
240.82,1,0,1
241.02,1,0,1
241.22,1,0,1
241.42,1,0,1
241.62,1,1,1
241.82,1,0,1
242.01,1,0,1
242.21,1,0,1
242.41,1,0,1
242.61,1,0,1
242.81,1,0,1
243.01,1,0,1
243.21,1,0,1
243.41,1,0,1
243.61,1,0,1
243.81,1,0,1
244.01,1,0,1
244.21,1,0,1
244.41,1,0,1
244.61,1,0,1
244.81,1,0,1
245.01,1,0,1
245.21,1,0,1
245.42,1,0,1
245.62,1,0,1
245.81,1,0,1
246.01,1,1,1
246.21,1,0,1
246.41,1,1,1
246.62,1,0,1
246.82,1,0,1
247.01,1,0,1
247.21,1,0,1
247.41,1,0,1
247.62,1,0,1
247.82,1,0,1
248.02,1,0,1
248.21,1,0,1
248.42,1,0,1
248.61,1,0,1
248.81,1,0,1
249.02,1,0,1
249.22,1,0,1
249.42,1,0,1
249.61,1,0,1
249.81,1,0,1
250.01,1,0,1
250.21,1,0,1
250.42,1,0,1
250.62,1,0,1
250.82,1,0,1
251.02,1,0,1
251.22,1,0,1
251.41,1,0,1
251.61,1,0,1
251.81,1,0,1
252.01,1,0,1
252.21,1,1,1
252.41,1,0,1
252.61,1,0,1
252.82,1,1,1
253.02,1,0,1
253.22,1,0,1
253.41,1,0,1
253.61,1,0,1
253.81,1,0,1
254.01,1,0,1
254.22,1,0,1
254.41,1,0,1
254.61,1,0,1
254.81,1,0,1
255.01,1,0,1
255.21,1,0,1
255.41,1,0,1
255.61,1,0,1
255.81,1,0,1
256.01,1,0,1
256.21,1,1,1
256.41,1,0,1
256.61,1,1,1
256.81,1,0,1
257.01,1,0,1
257.21,1,0,1
257.41,1,0,1
257.61,1,0,1
257.82,1,0,1
258.02,1,0,1
258.21,1,0,1
258.42,1,0,1
258.61,1,0,1
258.81,1,0,1
259.02,1,0,1
259.22,1,0,1
259.42,1,0,1
259.62,1,0,1
259.81,1,0,1
260.02,1,0,1
260.22,1,0,1
260.42,1,0,1
260.61,1,0,1
260.82,1,0,1
261.02,1,0,1
261.21,1,0,1
261.41,1,0,1
261.62,1,0,1
261.81,1,0,1
262.01,1,0,1
262.21,1,0,1
262.41,1,0,1
262.61,1,0,1
262.81,1,0,1
263.01,1,0,1
263.21,1,0,1
263.42,1,0,1
263.62,1,0,1
263.82,1,0,1
264.02,1,0,1
264.21,1,0,1
264.41,1,0,1
264.61,1,0,1
264.81,1,0,1
265.01,1,0,1
265.21,1,0,1
265.42,1,0,1
265.62,1,0,1
265.81,1,0,1
266.02,1,0,1
266.22,1,0,1
266.41,1,0,1
266.62,1,0,1
266.81,1,0,1
267.02,1,0,1
267.22,1,0,1
267.42,1,0,1
267.61,1,0,1
267.81,1,0,1
268.02,1,0,1
268.21,1,0,1
268.41,1,0,1
268.61,1,0,1
268.81,1,0,1
269.01,1,0,1
269.22,1,0,1
269.42,1,0,1
269.62,1,1,1
269.82,1,0,1
270.02,1,0,1
270.22,1,0,1
270.42,1,0,1
270.61,1,0,1
270.81,1,0,1
271.01,1,0,1
271.22,1,0,1
271.42,1,0,1
271.61,1,0,1
271.81,1,0,1
272.02,1,0,1
272.22,1,0,1
272.42,1,0,1
272.61,1,0,1
272.81,1,0,1
273.01,1,0,1
273.22,1,0,1
273.41,1,0,1
273.61,1,0,1
273.81,1,0,1
274.01,1,0,1
274.21,1,0,1
274.41,1,0,1
274.61,1,0,1
274.81,1,0,1
275.01,1,0,1
275.21,1,0,1
275.41,1,0,1
275.61,1,0,1
275.81,1,0,1
276.01,1,0,1
276.21,1,0,1
276.42,1,0,1
276.62,1,0,1
276.81,1,0,1
277.01,1,0,1
277.21,1,0,1
277.41,1,0,1
277.62,1,0,1
277.82,1,1,1
278.02,1,0,1
278.21,1,1,1
278.41,1,0,1
278.61,1,0,1
278.81,1,0,1
279.01,1,0,1
279.21,1,0,1
279.41,1,0,1
279.61,1,0,1
279.81,1,0,1
280.01,1,0,1
280.21,1,0,1
280.41,1,0,1
280.61,1,0,1
280.81,1,0,1
281.01,1,0,1
281.21,1,0,1
281.41,1,0,1
281.61,1,1,1
281.81,1,0,1
282.02,1,0,1
282.22,1,1,1
282.42,1,0,1
282.62,1,0,1
282.82,1,0,1
283.02,1,0,1
283.22,1,0,1
283.41,1,0,1
283.62,1,0,1
283.81,1,0,1
284.01,1,0,1
284.21,1,0,1
284.41,1,0,1
284.61,1,0,1
284.82,1,0,1
285.02,1,0,1
285.21,1,0,1
285.41,1,0,1
285.61,1,0,1
285.81,1,0,1
286.01,1,0,1
286.21,1,0,1
286.41,1,0,1
286.61,1,0,1
286.81,1,0,1
287.01,1,1,1
287.21,1,0,1
287.41,1,0,1
287.61,1,0,1
287.81,1,0,1
288.01,1,1,1
288.21,1,1,1
288.42,1,1,1
288.61,1,1,1
288.81,1,1,1
289.01,1,1,1
289.21,1,1,1
289.41,1,0,1
289.61,1,0,1
289.81,1,0,1
290.01,1,0,1
290.21,1,0,1
290.41,1,0,1
290.61,1,0,1
290.81,1,0,1
291.01,1,0,1
291.21,1,0,1
291.41,1,0,1
291.62,1,0,1
291.81,1,0,1
292.01,1,0,1
292.21,1,0,1
292.41,1,0,1
292.61,1,1,1
292.81,1,1,1
293.01,1,1,1
293.21,1,1,1
293.41,1,1,1
293.61,1,1,1
293.81,1,0,1
294.01,1,0,1
294.21,1,0,1
294.41,1,0,1
294.61,1,0,1
294.81,1,0,1
295.01,1,0,1
295.21,1,0,1
295.41,1,0,1
295.61,1,0,1
295.81,1,0,1
296.01,1,0,1
296.21,1,0,1
296.41,1,0,1
296.61,1,0,1
296.81,1,0,1
297.02,1,0,1
297.22,1,0,1
297.42,1,0,1
297.62,1,0,1
297.82,1,0,1
298.02,1,0,1
298.22,1,0,1
298.42,1,0,1
298.62,1,0,1
298.82,1,0,1
299.02,1,0,1
299.22,1,0,1
299.42,1,0,1
299.62,1,0,1
299.82,1,0,1
300.02,1,0,1
300.22,1,0,1
300.41,1,0,1
300.61,1,0,1
300.81,1,0,1
301.02,1,0,1
301.21,1,0,1
301.42,1,0,1
301.61,1,0,1
301.81,1,0,1
302.01,1,0,1
302.21,1,0,1
302.42,1,0,1
302.62,1,0,1
302.82,1,0,1
303.02,1,0,1
303.21,1,0,1
303.41,1,1,1
303.61,1,0,1
303.81,1,0,1
304.02,1,0,1
304.21,1,0,1
304.41,1,0,1
304.62,1,0,1
304.82,1,0,1
305.02,1,0,1
305.22,1,0,1
305.42,1,0,1
305.62,1,0,1
305.82,1,0,1
306.01,1,0,1
306.21,1,0,1
306.41,1,0,1
306.61,1,0,1
306.81,1,0,1
307.01,1,0,1
307.21,1,0,1
307.41,1,0,1
307.61,1,1,1
307.81,1,0,1
308.02,1,0,1
308.21,1,1,1
308.42,1,0,1
308.61,1,0,1
308.81,1,0,1
309.01,1,0,1
309.21,1,0,1
309.41,1,0,1
309.61,1,0,1
309.81,1,0,1
310.01,1,0,1
310.21,1,0,1
310.41,1,0,1
310.61,1,0,1
310.81,1,0,1
311.01,1,0,1
311.22,1,0,1
311.41,1,0,1
311.61,1,0,1
311.81,1,0,1
312.01,1,0,1
312.21,1,0,1
312.41,1,0,1
312.61,1,0,1
312.81,1,0,1
313.01,1,0,1
313.21,1,0,1
313.42,1,0,1
313.61,1,0,1
313.82,1,0,1
314.02,1,0,1
314.21,1,0,1
314.41,1,0,1
314.61,1,0,1
314.81,1,0,1
315.01,1,0,1
315.21,1,0,1
315.42,1,0,1
315.61,1,0,1
315.81,1,0,1
316.01,1,0,1
316.21,1,0,1
316.41,1,1,1
316.62,1,0,1
316.81,1,0,1
317.01,1,0,1
317.21,1,0,1
317.41,1,0,1
317.61,1,0,1
317.81,1,0,1
318.01,1,0,1
318.22,1,0,1
318.41,1,0,1
318.61,1,0,1
318.81,1,0,1
319.01,1,0,1
319.21,1,0,1
319.41,1,0,1
319.61,1,0,1
319.81,1,1,1
320.01,1,0,1
320.21,1,0,1
320.41,1,0,1
320.61,1,0,1
320.81,1,0,1
321.02,1,0,1
321.22,1,0,1
321.42,1,0,1
321.61,1,0,1
321.81,1,0,1
322.01,1,0,1
322.21,1,0,1
322.41,1,0,1
322.61,1,0,1
322.81,1,1,1
323.01,1,0,1
323.21,1,0,1
323.41,1,0,1
323.61,1,1,1
323.81,1,0,1
324.01,1,0,1
324.21,1,0,1
324.41,1,0,1
324.61,1,1,1
324.81,1,0,1
325.01,1,0,1
325.21,1,1,1
325.41,1,0,1
325.61,1,0,1
325.81,1,0,1
326.01,1,0,1
326.21,1,0,1
326.41,1,1,1
326.62,1,0,1
326.81,1,0,1
327.01,1,0,1
327.21,1,0,1
327.41,1,0,1
327.62,1,0,1
327.82,1,0,1
328.01,1,0,1
328.22,1,0,1
328.42,1,0,1
328.62,1,0,1
328.82,1,0,1
329.01,1,0,1
329.22,1,0,1
329.41,1,0,1
329.61,1,0,1
329.82,1,0,1
330.02,1,0,1
330.21,1,0,1
330.41,1,0,1
330.61,1,0,1
330.81,1,0,1
331.01,1,0,1
331.21,1,1,1
331.41,1,0,1
331.61,1,0,1
331.81,1,1,1
332.01,1,0,1
332.21,1,1,1
332.41,1,0,1
332.61,1,0,1
332.81,1,0,1
333.01,1,0,1
333.21,1,0,1
333.41,1,0,1
333.61,1,0,1
333.81,1,0,1
334.01,1,0,1
334.21,1,0,1
334.42,1,0,1
334.61,1,0,1
334.81,1,0,1
335.01,1,0,1
335.21,1,0,1
335.41,1,0,1
335.61,1,0,1
335.81,1,0,1
336.01,1,0,1
336.21,1,0,1
336.42,1,0,1
336.61,1,0,1
336.81,1,0,1
337.01,1,0,1
337.21,1,0,1
337.41,1,0,1
337.61,1,0,1
337.81,1,1,1
338.01,1,0,1
338.21,1,0,1
338.41,1,1,1
338.61,1,0,1
338.81,1,0,1
339.01,1,0,1
339.21,1,0,1
339.42,1,0,1
339.61,1,0,1
339.81,1,0,1
340.01,1,0,1
340.21,1,0,1
340.41,1,0,1
340.61,1,0,1
340.81,1,0,1
341.01,1,0,1
341.21,1,0,1
341.41,1,0,1
341.61,1,0,1
341.81,1,1,1
342.01,1,0,1
342.21,1,1,1
342.41,1,0,1
342.61,1,0,1
342.81,1,0,1
343.01,1,0,1
343.21,1,0,1
343.41,1,0,1
343.61,1,0,1
343.81,1,0,1
344.01,1,0,1
344.21,1,0,1
344.41,1,0,1
344.61,1,1,1
344.81,1,0,1
345.01,1,1,1
345.21,1,0,1
345.41,1,0,1
345.61,1,0,1
345.81,1,0,1
346.01,1,0,1
346.21,1,0,1
346.41,1,0,1
346.61,1,0,1
346.81,1,0,1
347.01,1,0,1
347.21,1,0,1
347.41,1,0,1
347.61,1,1,1
347.81,1,0,1
348.01,1,0,1
348.21,1,1,1
348.41,1,0,1
348.61,1,0,1
348.82,1,0,1
349.01,1,0,1
349.21,1,0,1
349.41,1,0,1
349.61,1,0,1
349.81,1,0,1
350.01,1,0,1
350.21,1,0,1
350.41,1,0,1
350.61,1,0,1
350.82,1,0,1
351.02,1,0,1
351.21,1,0,1
351.42,1,0,1
351.61,1,0,1
351.81,1,0,1
352.01,1,0,1
352.21,1,0,1
352.41,1,0,1
352.61,1,0,1
352.81,1,0,1
353.01,1,0,1
353.21,1,0,1
353.41,1,0,1
353.61,1,0,1
353.81,1,0,1
354.01,1,0,1
354.21,1,0,1
354.41,1,0,1
354.61,1,0,1
354.81,1,0,1
355.01,1,0,1
355.21,1,0,1
355.41,1,0,1
355.62,1,0,1
355.81,1,0,1
356.01,1,0,1
356.20,1,0,1
356.41,1,0,1
356.61,1,0,1
356.81,1,0,1
357.01,1,0,1
357.21,1,0,1
357.41,1,0,1
357.61,1,0,1
357.81,1,0,1
358.01,1,0,1
358.21,1,0,1
358.41,1,0,1
358.61,1,0,1
358.81,1,0,1
359.01,1,0,1
359.21,1,0,1
359.41,1,0,1
359.61,1,1,1
359.81,1,0,1
